threads,chunk,run1,run2,run3,avg_time_s
2,1,0.4270151669625193,0.6111764590023085,0.424695291032549,0.48762897233245894
2,16,0.41306579200318083,0.41001387499272823,0.4141434999764897,0.4124077223241329
2,64,0.4256505839875899,0.42826095898635685,0.42419979197438806,0.42603711164944497
2,256,0.4935395830543712,0.49327979201916605,0.49155854096170515,0.4927926386784141
4,1,0.21336641698144376,0.23775379196740687,0.2791084159980528,0.2434095416489678
4,16,0.2835469580022618,0.2423616250162013,0.25593049998860806,0.2606130276690237
4,64,0.23188633396057412,0.2941394590307027,0.25532399996882305,0.26044993098669994
4,256,0.4926382919657044,0.49533666600473225,0.49087516602594405,0.4929500413321269
8,1,0.13879570801509544,0.13766791601665318,0.136951666965615,0.13780509699912122
8,16,0.13660787499975413,0.13794120895909145,0.14110912499018013,0.1385527363163419
8,64,0.22567970905220136,0.2201045000110753,0.22225654195062816,0.22268025033796826
8,256,0.4917874580132775,0.489902000001166,0.489703124971129,0.4904641943285242
16,1,0.1333075410220772,0.13457554095657542,0.1347074580262415,0.13419684666829804
16,16,0.14007154101273045,0.1383495000191033,0.14066204201662913,0.1396943610161543
16,64,0.21714708296349272,0.2183282919577323,0.22523812495637685,0.22023783329253396
16,256,0.4900022499496117,0.4881723750149831,0.4956407079589553,0.4912717776411834
